,id,target
52682,TEST_052682,68.14968904170374
110530,TEST_110530,69.55366657456666
139448,TEST_139448,67.54865229411432
176370,TEST_176370,65.3570671779656
206704,TEST_206704,63.67345900722528
237905,TEST_237905,67.14778101273228
271946,TEST_271946,64.30770107780883
