,id,target
9834,TEST_009834,51.89459617106789
39361,TEST_039361,55.66730144051307
56097,TEST_056097,55.37052898070274
100108,TEST_100108,57.13039200757037
145957,TEST_145957,53.0523552067258
252711,TEST_252711,55.473310929268266
278598,TEST_278598,51.57075225106417
