,id,target
72434,TEST_072434,48.84340631328729
96036,TEST_096036,47.06521069660851
116354,TEST_116354,48.303314425168594
177754,TEST_177754,52.13962127888735
211493,TEST_211493,47.05051039168248
234178,TEST_234178,50.6667690560771
283770,TEST_283770,52.224950682297504
