,id,target
987,TEST_000987,42.210035016847115
41198,TEST_041198,40.66707995081382
65386,TEST_065386,40.394700528816564
72263,TEST_072263,41.06439766876971
83041,TEST_083041,42.52466160510593
88255,TEST_088255,41.234978199585896
109623,TEST_109623,42.76571009518222
177382,TEST_177382,39.47643119052172
180334,TEST_180334,42.64983487556839
248353,TEST_248353,39.26571883998551
289374,TEST_289374,40.37885820765288
