,id,target
40237,TEST_040237,43.704212599642304
54532,TEST_054532,44.5037204949866
152917,TEST_152917,43.74378921215183
163516,TEST_163516,43.2011782877965
165743,TEST_165743,42.60186580366801
181598,TEST_181598,46.6411450608219
191746,TEST_191746,47.811474627978285
