,id,target
28846,TEST_028846,48.22628972620718
49398,TEST_049398,45.875245053899214
51294,TEST_051294,46.90750636741113
54122,TEST_054122,45.511948397121934
70239,TEST_070239,46.24278233359529
74325,TEST_074325,45.78439824528207
83211,TEST_083211,47.08630592646642
132410,TEST_132410,45.79657984076854
147950,TEST_147950,49.17552930763521
175497,TEST_175497,46.43781333947355
238317,TEST_238317,46.77977940415155
