,id,target
4511,TEST_004511,61.394032489481354
52589,TEST_052589,58.90959005509703
84920,TEST_084920,66.61659032730688
88699,TEST_088699,60.46343881809648
123641,TEST_123641,58.4030982117827
228420,TEST_228420,57.117910984962116
281530,TEST_281530,63.56459731473731
