,id,target
25443,TEST_025443,65.95409747974573
49753,TEST_049753,60.39404712626813
69950,TEST_069950,66.98560652929899
80605,TEST_080605,64.06472906395176
121641,TEST_121641,62.337098130084975
128556,TEST_128556,64.72771534684948
145961,TEST_145961,61.85515546624045
