,id,target
7702,TEST_007702,28.76735209230515
8597,TEST_008597,25.03702244138328
40292,TEST_040292,30.5036683958132
99759,TEST_099759,24.617758819789337
106003,TEST_106003,27.630382826652525
154047,TEST_154047,25.1161178096288
160248,TEST_160248,25.023642129859844
166416,TEST_166416,24.112623886390367
193714,TEST_193714,24.948509949345226
202342,TEST_202342,33.05305759282671
205478,TEST_205478,24.11348747849906
