,id,target
42836,TEST_042836,59.308726918933026
65706,TEST_065706,62.387508646842974
76470,TEST_076470,63.28789240186031
127330,TEST_127330,60.46507615413503
179766,TEST_179766,59.866871622218135
214079,TEST_214079,63.47965803198113
221461,TEST_221461,64.18051023396711
