,id,target
18942,TEST_018942,61.931472717218405
80204,TEST_080204,61.21512857132527
104719,TEST_104719,52.214882174586954
137283,TEST_137283,58.42282615606102
171583,TEST_171583,57.842709857308925
177257,TEST_177257,58.66397670329999
269907,TEST_269907,59.19129835850315
