,id,target
2840,TEST_002840,63.815023935134796
14942,TEST_014942,62.451758016757815
30495,TEST_030495,65.54632109294138
40264,TEST_040264,60.459454618956286
111263,TEST_111263,61.801571161303144
146028,TEST_146028,64.93740483769335
227825,TEST_227825,66.93362652039298
