,id,target
8555,TEST_008555,67.20873110956065
9112,TEST_009112,66.2880336223258
13805,TEST_013805,62.17345290546008
58638,TEST_058638,63.69240105624964
125485,TEST_125485,60.71828502905515
135465,TEST_135465,64.7196034759269
235628,TEST_235628,62.18385698876069
