,id,target
4727,TEST_004727,37.326546316438254
15931,TEST_015931,37.216782744448906
45922,TEST_045922,39.806442904132844
94238,TEST_094238,37.830732534075864
104945,TEST_104945,37.75005199467159
216798,TEST_216798,38.83473884613461
252234,TEST_252234,38.271516884547765
