,id,target
3140,TEST_003140,58.490892918890566
50672,TEST_050672,58.97130330607391
59384,TEST_059384,55.698866898603875
217590,TEST_217590,60.64713551278812
268551,TEST_268551,55.61048006090625
278338,TEST_278338,56.14080919695609
285349,TEST_285349,57.862441101511294
