,id,target
27930,TEST_027930,31.765677002967895
201082,TEST_201082,50.41646870022763
242840,TEST_242840,34.53477456998649
249666,TEST_249666,31.716400070916464
251874,TEST_251874,32.07921037987393
252506,TEST_252506,32.689595238383795
259997,TEST_259997,31.30699544343981
