,id,target
23059,TEST_023059,47.52517601075072
27995,TEST_027995,48.40655403852402
82609,TEST_082609,48.2375623598916
89033,TEST_089033,46.66892180168873
106403,TEST_106403,48.51680318496333
112753,TEST_112753,47.63546026396574
129996,TEST_129996,46.973823842493836
175509,TEST_175509,47.02672998687597
183987,TEST_183987,47.29614463296508
184223,TEST_184223,47.31707995019679
210968,TEST_210968,46.54434751087768
