,id,target
136279,TEST_136279,48.20364316032878
141116,TEST_141116,48.66847762777931
142374,TEST_142374,48.132347456811324
172218,TEST_172218,48.655359524333214
230789,TEST_230789,49.23656999948655
234408,TEST_234408,48.896244872697814
256136,TEST_256136,48.08641700434668
260641,TEST_260641,48.50259548404037
