,id,target
36068,TEST_036068,53.20298505363133
146269,TEST_146269,65.65143596583472
164861,TEST_164861,56.57844205008054
166591,TEST_166591,56.48970154057116
191607,TEST_191607,59.62678178569549
238576,TEST_238576,55.42715560551395
258329,TEST_258329,53.342897386378375
