,id,target
25443,TEST_025443,65.72224021083107
49753,TEST_049753,60.41191912508027
69950,TEST_069950,66.95658299588447
80605,TEST_080605,64.07410437226588
121641,TEST_121641,62.36349745621877
128556,TEST_128556,64.79015864765387
145961,TEST_145961,62.110237125764755
