,id,target
2840,TEST_002840,64.038614421885
14942,TEST_014942,62.17569825099109
30495,TEST_030495,66.00133662544582
40264,TEST_040264,60.464963659284905
111263,TEST_111263,62.17946821170128
146028,TEST_146028,64.75395712106774
227825,TEST_227825,66.99654408026777
