,id,target
8555,TEST_008555,67.13226774016984
9112,TEST_009112,65.96421307175353
13805,TEST_013805,61.8443225308025
58638,TEST_058638,63.91249253484976
125485,TEST_125485,60.29232792221985
135465,TEST_135465,64.61785936473323
235628,TEST_235628,62.220943391400844
