,id,target
9834,TEST_009834,52.060060190177666
39361,TEST_039361,55.543818376622305
56097,TEST_056097,54.472802002461265
100108,TEST_100108,56.96111124754049
145957,TEST_145957,52.434626057864904
252711,TEST_252711,54.81178303814867
278598,TEST_278598,51.90230523307092
