,id,target
36068,TEST_036068,53.236797953672884
146269,TEST_146269,65.91254457828137
164861,TEST_164861,56.94252337656894
166591,TEST_166591,56.31764497984035
191607,TEST_191607,59.476140999505354
238576,TEST_238576,55.61956968034774
258329,TEST_258329,53.7695593736028
