,id,target
52682,TEST_052682,67.90502281770188
110530,TEST_110530,68.50529357611413
139448,TEST_139448,67.683038654154
176370,TEST_176370,65.89534901093282
206704,TEST_206704,63.62927177786221
237905,TEST_237905,67.42550411495412
271946,TEST_271946,64.14088980757901
