,id,target
3140,TEST_003140,58.97548081253045
50672,TEST_050672,59.732095415231015
59384,TEST_059384,56.1027566424131
217590,TEST_217590,60.22417689984782
268551,TEST_268551,56.4552248537197
278338,TEST_278338,56.11115003824952
285349,TEST_285349,58.12701579462493
