,id,target
27930,TEST_027930,31.871965930066782
201082,TEST_201082,50.06968330663395
242840,TEST_242840,34.64535093300058
249666,TEST_249666,31.850611636100936
251874,TEST_251874,32.41381313385952
252506,TEST_252506,32.59875209247281
259997,TEST_259997,31.059847125008993
