,id,target
4511,TEST_004511,61.22145993034779
52589,TEST_052589,59.45037707114196
84920,TEST_084920,66.1430179546078
88699,TEST_088699,59.608794518618645
123641,TEST_123641,58.495602090592314
228420,TEST_228420,56.991983639116576
281530,TEST_281530,63.130530469355634
