,id,target
18942,TEST_018942,62.32246933600482
80204,TEST_080204,60.491209829057965
104719,TEST_104719,53.078549293666136
137283,TEST_137283,58.55091753483283
171583,TEST_171583,58.426668618029
177257,TEST_177257,57.62736677650943
269907,TEST_269907,59.91930350573122
