,id,target
42836,TEST_042836,60.42282130660993
65706,TEST_065706,62.36863940947732
76470,TEST_076470,63.0146904412398
127330,TEST_127330,59.92859444897189
179766,TEST_179766,59.687245294836096
214079,TEST_214079,63.50748053015772
221461,TEST_221461,63.43527839227458
